<application>
  <component name="DefaultFont">
    <option name="VERSION" value="1" />
    <option name="FONT_SIZE" value="16" />
    <option name="FONT_SIZE_2D" value="16.0" />
    <option name="FONT_FAMILY" value="Maple Mono NF" />
    <option name="FONT_REGULAR_SUB_FAMILY" value="Light" />
    <option name="FONT_BOLD_SUB_FAMILY" value="SemiBold" />
    <option name="LINE_SPACING" value="1.02" />
    <option name="USE_LIGATURES" value="true" />
    <option name="SECONDARY_FONT_FAMILY" value="LXGW WenKai Mono GB" />
  </component>
</application>