<application>
  <component name="KeymapFlagsStorage">
    <option name="keymapToDescriptor">
      <map>
        <entry key="hasnum (macOS)">
          <value>
            <list />
          </value>
        </entry>
        <entry key="hasnum_VSCode (macOS)">
          <value>
            <list />
          </value>
        </entry>
        <entry key="hasnum_macOS">
          <value>
            <list />
          </value>
        </entry>
        <entry key="macOS 副本">
          <value>
            <list />
          </value>
        </entry>
      </map>
    </option>
  </component>
</application>