<application>
  <component name="LafManager">
    <laf themeId="adf99807-aee9-4514-b512-5f0e429f30da" />
    <lafs-to-previous-schemes>
      <laf-to-scheme laf="64bac2a8-9558-4b8a-a0e0-a00000000030" scheme="_@user_Default" />
      <laf-to-scheme laf="Arc Dark Compact" scheme="_@user_Arc Dark (Material)" />
      <laf-to-scheme laf="Arc Dark Contrast" scheme="_@user_Arc Dark (Material)" />
      <laf-to-scheme laf="Atom One Dark" scheme="_@user_Atom One Dark (Material)" />
      <laf-to-scheme laf="Atom One Dark Compact Contrast" scheme="_@user_Atom One Dark (Material)" />
      <laf-to-scheme laf="Atom One Dark Contrast" scheme="_@user_Atom One Dark (Material)" />
      <laf-to-scheme laf="Atom One Light Contrast" scheme="_@user_Atom One Light (Material)" />
      <laf-to-scheme laf="Dracula" scheme="_@user_Dracula (Material)" />
      <laf-to-scheme laf="Dracula Compact" scheme="_@user_Dracula (Material)" />
      <laf-to-scheme laf="Dracula Compact Contrast" scheme="_@user_Dracula (Material)" />
      <laf-to-scheme laf="Dracula Contrast" scheme="_@user_Dracula (Material)" />
      <laf-to-scheme laf="ExperimentalLightWithLightHeader" scheme="_@user_IntelliJ Light" />
      <laf-to-scheme laf="Gerry Darcula" scheme="_@user_Gerry Darcula" />
      <laf-to-scheme laf="Gerry Dark" scheme="_@user_Gerry Dark" />
      <laf-to-scheme laf="Gerry* Light" scheme="_@user_Default" />
      <laf-to-scheme laf="GitHub Compact" scheme="_@user_GitHub (Material)" />
      <laf-to-scheme laf="GitHub Compact Contrast" scheme="_@user_GitHub (Material)" />
      <laf-to-scheme laf="GitHub Contrast" scheme="_@user_GitHub (Material)" />
      <laf-to-scheme laf="GitHub Dark Compact" scheme="_@user_GitHub Dark (Material)" />
      <laf-to-scheme laf="GitHub Dark Compact Contrast" scheme="_@user_GitHub Dark (Material)" />
      <laf-to-scheme laf="GitHub Dark Contrast" scheme="_@user_GitHub Dark (Material)" />
      <laf-to-scheme laf="Gray" scheme="_@user_Gray" />
      <laf-to-scheme laf="High contrast" scheme="_@user_High contrast" />
      <laf-to-scheme laf="IntelliJ Light" scheme="_@user_IntelliJ Light" />
      <laf-to-scheme laf="Legacy Gerry Darcula" scheme="_@user_Gerry Darcula" />
      <laf-to-scheme laf="Legacy Gerry Violet" scheme="_@user_Gerry Violet" />
      <laf-to-scheme laf="Legacy Gerry* Light" scheme="_@user_Gerry Light" />
      <laf-to-scheme laf="Light Owl" scheme="_@user_Light Owl (Material)" />
      <laf-to-scheme laf="Light Owl Contrast" scheme="_@user_Light Owl (Material)" />
      <laf-to-scheme laf="Material Darker Contrast" scheme="_@user_Material Darker" />
      <laf-to-scheme laf="Material Deep Ocean Contrast" scheme="_@user_Material Deep Ocean" />
      <laf-to-scheme laf="Material Forest" scheme="_@user_Material Forest" />
      <laf-to-scheme laf="Material Forest Contrast" scheme="_@user_Material Forest" />
      <laf-to-scheme laf="Material Lighter Contrast" scheme="_@user_Material Lighter" />
      <laf-to-scheme laf="Material Oceanic Contrast" scheme="_@user_Material Oceanic" />
      <laf-to-scheme laf="Material Palenight" scheme="_@user_Material Palenight" />
      <laf-to-scheme laf="Material Palenight Contrast" scheme="_@user_Material Palenight" />
      <laf-to-scheme laf="Material Sandy Beach" scheme="_@user_Material Sandy Beach" />
      <laf-to-scheme laf="Material Sandy Beach Contrast" scheme="_@user_Material Sandy Beach" />
      <laf-to-scheme laf="Material Sky Blue" scheme="_@user_Material Sky Blue" />
      <laf-to-scheme laf="Material Sky Blue Contrast" scheme="_@user_Material Sky Blue" />
      <laf-to-scheme laf="Material Volcano" scheme="_@user_Material Volcano" />
      <laf-to-scheme laf="Material Volcano Contrast" scheme="_@user_Material Volcano" />
      <laf-to-scheme laf="Moonlight Contrast" scheme="_@user_Moonlight (Material)" />
      <laf-to-scheme laf="Night Owl" scheme="_@user_Night Owl (Material)" />
      <laf-to-scheme laf="Night Owl Contrast" scheme="_@user_Night Owl (Material)" />
      <laf-to-scheme laf="Solarized Dark" scheme="_@user_Solarized Dark (Material)" />
      <laf-to-scheme laf="Solarized Dark Contrast" scheme="_@user_Solarized Dark (Material)" />
      <laf-to-scheme laf="Solarized Light" scheme="_@user_Solarized Light (Material)" />
      <laf-to-scheme laf="Solarized Light Contrast" scheme="_@user_Solarized Light (Material)" />
      <laf-to-scheme laf="SynthWave '84 Contrast" scheme="_@user_SynthWave '84 (Material)" />
      <laf-to-scheme laf="com.github.catppuccin.frappe.jetbrains" scheme="_@user_Catppuccin Frappe (no italics)" />
      <laf-to-scheme laf="com.github.catppuccin.latte.jetbrains" scheme="_@user_Catppuccin Latte (no italics)" />
      <laf-to-scheme laf="com.github.catppuccin.macchiato.jetbrains" scheme="_@user_Catppuccin Macchiato (no italics)" />
      <laf-to-scheme laf="com.github.catppuccin.mocha.jetbrains" scheme="_@user_Catppuccin Mocha (no italics)" />
      <laf-to-scheme laf="dfdeb71c-cf0a-490d-8983-dfb56b5e043f" scheme="_@user_Default" />
    </lafs-to-previous-schemes>
  </component>
</application>