<application>
  <component name="NodeJsLocalInterpreterManager">
    <local-interpreter path="$USER_HOME$/.nvm/versions/node/v20.11.1/bin/node">
      <version-cache version="20.11.1" last-modified="1707860822000" />
    </local-interpreter>
    <local-interpreter path="$USER_HOME$/.nvm/versions/node/v16.19.1/bin/node">
      <version-cache version="16.19.1" last-modified="1676561795000" />
    </local-interpreter>
    <local-interpreter path="$USER_HOME$/.bun/bin/bun" />
  </component>
</application>