<application>
  <component name="ProjectManager">
    <defaultProject>
      <component name="AutoImportSettings">
        <option name="autoReloadType" value="SELECTIVE" />
      </component>
      <component name="MarkdownSettingsMigration">
        <option name="stateVersion" value="1" />
      </component>
      <component name="ProjectDictionaryState">
        <dictionary name="hasnum" />
      </component>
      <component name="ProjectInspectionProfilesVisibleTreeState">
        <entry key="Project Default">
          <profile-state>
            <expanded-state>
              <State />
            </expanded-state>
            <selected-state>
              <State>
                <id>CSS</id>
              </State>
            </selected-state>
          </profile-state>
        </entry>
      </component>
      <component name="PropertiesComponent"><![CDATA[{
  "keyToString": {
    "com.github.patou.gitmoji.display-icon": "emoji",
    "com.github.patou.gitmoji.insert-in-cursor-position": "true",
    "com.github.patou.gitmoji.text-after-unicode": "",
    "com.github.patou.gitmoji.use-unicode": "true",
    "last_opened_file_path": "/Users/hasnum/.bun/bin/bun",
    "node.js.selected.package.eslint": "(autodetect)",
    "settings.editor.selected.configurable": "editor.preferences.import"
  }
}]]></component>
      <component name="RustProjectSettings">
        <option name="toolchainHomeDirectory" value="$USER_HOME$/.cargo/bin" />
      </component>
      <component name="SvnConfiguration">
        <configuration>$USER_HOME$/.subversion</configuration>
      </component>
      <component name="TaskManager">
        <task active="true" id="Default" summary="默认任务">
          <created>1691128528087</created>
          <option name="number" value="Default" />
          <option name="presentableId" value="Default" />
          <updated>1691128528087</updated>
          <workItem from="1734690593709" duration="108000" />
        </task>
        <servers />
      </component>
      <component name="TimeTrackingManager">
        <option name="totallyTimeSpent" value="108000" />
      </component>
      <component name="VcsDirectoryMappings" defaultProject="true" />
      <component name="VcsManagerConfiguration">
        <option name="CHECK_CODE_SMELLS_BEFORE_PROJECT_COMMIT" value="false" />
        <option name="CHECK_NEW_TODO" value="false" />
      </component>
      <component name="WindowStateProjectService">
        <state x="577" y="273" key="SettingsEditor" timestamp="1734690594914">
          <screen x="0" y="25" width="2560" height="1415" />
        </state>
        <state x="577" y="273" key="SettingsEditor/0.25.2560.1415" timestamp="1734690594914" />
      </component>
      <component name="masterDetails">
        <states>
          <state key="ScopeChooserConfigurable.UI">
            <settings>
              <splitter-proportions>
                <option name="proportions">
                  <list>
                    <option value="0.2" />
                  </list>
                </option>
              </splitter-proportions>
            </settings>
          </state>
        </states>
      </component>
    </defaultProject>
  </component>
</application>