<application>
  <component name="CachedDictionaryState">
    <words>
      <w>ahax</w>
      <w>ahooks</w>
      <w>bundleless</w>
      <w>bundless</w>
      <w>custrom</w>
      <w>ehome</w>
      <w>esint</w>
      <w>feilds</w>
      <w>hasnum</w>
      <w>iget</w>
      <w>inited</w>
      <w>iregister</w>
      <w>microapp</w>
      <w>nuwastone</w>
      <w>ouranos</w>
      <w>ourea</w>
      <w>qiankun</w>
      <w>rsbuild</w>
      <w>rspack</w>
      <w>sapcebase</w>
      <w>sider</w>
      <w>spacebase</w>
      <w>spreebag</w>
      <w>subpageprefix</w>
      <w>svgr</w>
      <w>tanstack</w>
      <w>unicauldron</w>
      <w>unitychime</w>
      <w>verifycode</w>
      <w>zhonghai</w>
      <w>zuolin</w>
    </words>
  </component>
</application>