<application>
  <component name="BlockTerminalUsage">
    <option name="blockTerminalDisabledLastTimeMillis" value="1736215748491" />
    <option name="blockTerminalUsedLastTimeMillis" value="1736213679698" />
    <option name="blockTerminalUsedLastVersion" value="243.21565.180" />
    <option name="feedbackNotificationShown" value="true" />
    <shellToExecutedCommandsNumber>
      <entry key="zsh" value="550" />
    </shellToExecutedCommandsNumber>
  </component>
  <component name="TerminalOptionsProvider">
    <option name="myCopyOnSelection" value="true" />
    <option name="myTabName" value="hi," />
  </component>
</application>