<application>
  <component name="Vcs.Log.App.Settings">
    <option name="COLUMN_ID_ORDER">
      <list>
        <option value="Default.Root" />
        <option value="Default.Author" />
        <option value="Default.Subject" />
        <option value="gitmoji" />
        <option value="Default.Hash" />
        <option value="Default.Date" />
      </list>
    </option>
    <option name="COLUMN_ID_VISIBILITY">
      <map>
        <entry key="Table.Default.Author.ColumnIdVisibility" value="true" />
        <entry key="Table.Default.Date.ColumnIdVisibility" value="true" />
        <entry key="Table.Default.Hash.ColumnIdVisibility" value="true" />
        <entry key="Table.Git.CommitSignature.ColumnIdVisibility" value="false" />
        <entry key="Table.gitmoji.ColumnIdVisibility" value="true" />
      </map>
    </option>
    <option name="SHOW_CHANGES_FROM_PARENTS" value="true" />
    <option name="SHOW_TAG_NAMES" value="true" />
  </component>
  <component name="VcsApplicationSettings">
    <option name="SHOW_DIFF_ON_DOUBLE_CLICK" value="true" />
  </component>
  <component name="VcsEditorTab.Settings">
    <option name="openInNewWindow" value="true" />
  </component>
</application>