<keymap version="1" name="hasnum (macOS)" parent="VSCode OSX">
  <action id="ActivateBookmarksToolWindow" />
  <action id="ActivateCommitToolWindow">
    <keyboard-shortcut first-keystroke="meta 1" />
  </action>
  <action id="ActivateDebugToolWindow" />
  <action id="ActivateFindToolWindow" />
  <action id="ActivateProblemsViewToolWindow" />
  <action id="ActivateProjectToolWindow">
    <keyboard-shortcut first-keystroke="meta e" />
  </action>
  <action id="ActivateTerminalToolWindow">
    <keyboard-shortcut first-keystroke="ctrl back_quote" />
    <keyboard-shortcut first-keystroke="ctrl #10000b7" />
  </action>
  <action id="ActivateVersionControlToolWindow">
    <keyboard-shortcut first-keystroke="meta 2" />
  </action>
  <action id="ChangesView.ToggleCommitUi" />
  <action id="ChooseDebugConfiguration" />
  <action id="ClassNameCompletion" />
  <action id="CodeCompletion" />
  <action id="Debug" />
  <action id="Diff.NextChange" />
  <action id="Diff.PrevChange" />
  <action id="DuplicatesForm.SendToLeft" />
  <action id="DuplicatesForm.SendToRight" />
  <action id="EditorDeleteLine">
    <keyboard-shortcut first-keystroke="alt f" />
  </action>
  <action id="EditorRight">
    <keyboard-shortcut first-keystroke="right" />
  </action>
  <action id="EditorSelectWord" />
  <action id="EditorTextEnd" />
  <action id="EditorTextStart" />
  <action id="Exit" />
  <action id="ExpandCollapseToggleAction">
    <keyboard-shortcut first-keystroke="alt q" />
  </action>
  <action id="FileChooser.GotoHome" />
  <action id="FileChooser.GotoProject" />
  <action id="FileChooserList.LevelUp" />
  <action id="FindInPath">
    <keyboard-shortcut first-keystroke="shift meta e" />
  </action>
  <action id="Forward">
    <mouse-shortcut keystroke="button5" />
  </action>
  <action id="Git.Commit.Stage" />
  <action id="GotoAction" />
  <action id="GotoSymbol">
    <keyboard-shortcut first-keystroke="shift meta o" />
  </action>
  <action id="NextEditorTab" />
  <action id="NextTab">
    <keyboard-shortcut first-keystroke="shift meta close_bracket" />
  </action>
  <action id="PinActiveTab">
    <keyboard-shortcut first-keystroke="meta t" />
  </action>
  <action id="PreviousEditorTab" />
  <action id="PreviousTab">
    <keyboard-shortcut first-keystroke="shift meta open_bracket" />
  </action>
  <action id="RecentFiles" />
  <action id="ReformatCode" />
  <action id="ReformatWithPrettierAction">
    <keyboard-shortcut first-keystroke="shift meta f" />
  </action>
  <action id="ReplaceInPath">
    <keyboard-shortcut first-keystroke="shift meta r" />
  </action>
  <action id="SelectAllOccurrences" />
  <action id="ShowReformatFileDialog" />
  <action id="SmartUnSelect" />
  <action id="SwitcherIterateItems" />
  <action id="SwitcherRecentEditedChangedToggleCheckBox" />
  <action id="Table-selectFirstRow" />
  <action id="TodoViewGroupByFlattenPackage" />
  <action id="Tree-selectFirst" />
  <action id="copilot.disposeInlays" />
</keymap>